Ref,Val,Package,PosX,PosY,Rot,Side
"D2501","LED","LED_0805_1.15x1.40mm_HandSolder",11.337000,-62.230000,180.000000,bottom
"D2502","LED","LED_0805_1.15x1.40mm_HandSolder",19.592000,-62.230000,180.000000,bottom
"D2503","LED","LED_0805_1.15x1.40mm_HandSolder",27.720000,-62.230000,180.000000,bottom
"D2504","LED","LED_0805_1.15x1.40mm_HandSolder",35.814000,-62.230000,180.000000,bottom
"D2601","LED","LED_0805_1.15x1.40mm_HandSolder",11.421000,-123.952000,180.000000,bottom
"D2602","LED","LED_0805_1.15x1.40mm_HandSolder",19.676000,-123.952000,180.000000,bottom
"D2603","LED","LED_0805_1.15x1.40mm_HandSolder",27.804000,-123.980000,180.000000,bottom
"D2604","LED","LED_0805_1.15x1.40mm_HandSolder",35.898000,-123.980000,180.000000,bottom
"D2701","LED","LED_0805_1.15x1.40mm_HandSolder",47.906400,-62.226200,180.000000,bottom
"D2702","LED","LED_0805_1.15x1.40mm_HandSolder",56.161400,-62.226200,180.000000,bottom
"D2703","LED","LED_0805_1.15x1.40mm_HandSolder",64.289400,-62.226200,180.000000,bottom
"D2704","LED","LED_0805_1.15x1.40mm_HandSolder",72.383400,-62.226200,180.000000,bottom
"D2801","LED","LED_0805_1.15x1.40mm_HandSolder",47.933000,-123.942000,180.000000,bottom
"D2802","LED","LED_0805_1.15x1.40mm_HandSolder",56.188000,-123.942000,180.000000,bottom
"D2803","LED","LED_0805_1.15x1.40mm_HandSolder",64.316000,-123.942000,180.000000,bottom
"D2804","LED","LED_0805_1.15x1.40mm_HandSolder",72.410000,-123.942000,180.000000,bottom
"D2901","LED","LED_0805_1.15x1.40mm_HandSolder",84.514000,-62.257000,180.000000,bottom
"D2902","LED","LED_0805_1.15x1.40mm_HandSolder",92.769000,-62.257000,180.000000,bottom
"D2903","LED","LED_0805_1.15x1.40mm_HandSolder",100.897000,-62.257000,180.000000,bottom
"D2904","LED","LED_0805_1.15x1.40mm_HandSolder",108.991000,-62.257000,180.000000,bottom
"D3001","LED","LED_0805_1.15x1.40mm_HandSolder",84.540600,-123.937600,180.000000,bottom
"D3002","LED","LED_0805_1.15x1.40mm_HandSolder",92.795600,-123.937600,180.000000,bottom
"D3003","LED","LED_0805_1.15x1.40mm_HandSolder",100.923600,-123.937600,180.000000,bottom
"D3004","LED","LED_0805_1.15x1.40mm_HandSolder",109.017600,-123.937600,180.000000,bottom
"Q2501","Si2302DS","SOT-23",9.652000,-18.542000,270.000000,bottom
"Q2502","Si2302DS","SOT-23",17.780000,-18.542000,270.000000,bottom
"Q2503","Si2302DS","SOT-23",25.908000,-18.542000,270.000000,bottom
"Q2504","Si2302DS","SOT-23",34.036000,-18.542000,270.000000,bottom
"Q2601","Si2302DS","SOT-23",9.652000,-80.518000,270.000000,bottom
"Q2602","Si2302DS","SOT-23",17.780000,-80.518000,270.000000,bottom
"Q2603","Si2302DS","SOT-23",25.908000,-80.518000,270.000000,bottom
"Q2604","Si2302DS","SOT-23",34.036000,-80.518000,270.000000,bottom
"Q2701","Si2302DS","SOT-23",46.228000,-18.542000,270.000000,bottom
"Q2702","Si2302DS","SOT-23",54.356000,-18.542000,270.000000,bottom
"Q2703","Si2302DS","SOT-23",62.484000,-18.542000,270.000000,bottom
"Q2704","Si2302DS","SOT-23",70.612000,-18.542000,270.000000,bottom
"Q2801","Si2302DS","SOT-23",46.228000,-80.518000,270.000000,bottom
"Q2802","Si2302DS","SOT-23",54.356000,-80.518000,270.000000,bottom
"Q2803","Si2302DS","SOT-23",62.484000,-80.518000,270.000000,bottom
"Q2804","Si2302DS","SOT-23",70.612000,-80.518000,270.000000,bottom
"Q2901","Si2302DS","SOT-23",82.804000,-18.542000,270.000000,bottom
"Q2902","Si2302DS","SOT-23",90.932000,-18.542000,270.000000,bottom
"Q2903","Si2302DS","SOT-23",99.060000,-18.542000,270.000000,bottom
"Q2904","Si2302DS","SOT-23",107.188000,-18.542000,270.000000,bottom
"Q3001","Si2302DS","SOT-23",82.804000,-80.518000,270.000000,bottom
"Q3002","Si2302DS","SOT-23",91.186000,-80.518000,270.000000,bottom
"Q3003","Si2302DS","SOT-23",99.060000,-80.518000,270.000000,bottom
"Q3004","Si2302DS","SOT-23",107.188000,-80.518000,270.000000,bottom
"R2501","1K","R_0805_2012Metric",6.858000,-18.542000,270.000000,bottom
"R2502","100R","R_2512_6332Metric",9.652000,-54.864000,180.000000,bottom
"R2503","100R","R_2512_6332Metric",9.652000,-50.800000,180.000000,bottom
"R2504","100R","R_2512_6332Metric",9.652000,-58.928000,180.000000,bottom
"R2505","100R","R_2512_6332Metric",9.652000,-46.736000,180.000000,bottom
"R2506","100R","R_2512_6332Metric",9.652000,-34.544000,180.000000,bottom
"R2507","100R","R_2512_6332Metric",9.652000,-42.644000,180.000000,bottom
"R2508","100R","R_2512_6332Metric",9.652000,-38.608000,180.000000,bottom
"R2509","100R","R_2512_6332Metric",9.652000,-30.480000,180.000000,bottom
"R2510","100R","R_2512_6332Metric",9.652000,-26.416000,180.000000,bottom
"R2511","100R","R_2512_6332Metric",9.652000,-22.352000,180.000000,bottom
"R2512","330R","R_0805_2012Metric",7.654000,-62.230000,0.000000,bottom
"R2513","330R","R_0805_2012Metric",31.292000,-13.578000,180.000000,bottom
"R2514","10K","R_0805_2012Metric",12.446000,-18.542000,90.000000,bottom
"R2515","1K","R_0805_2012Metric",14.986000,-18.542000,270.000000,bottom
"R2516","100R","R_2512_6332Metric",17.780000,-58.928000,180.000000,bottom
"R2517","100R","R_2512_6332Metric",17.780000,-54.864000,180.000000,bottom
"R2518","100R","R_2512_6332Metric",17.780000,-50.800000,180.000000,bottom
"R2519","100R","R_2512_6332Metric",17.780000,-46.736000,180.000000,bottom
"R2520","100R","R_2512_6332Metric",17.780000,-42.672000,180.000000,bottom
"R2521","100R","R_2512_6332Metric",17.780000,-26.388000,180.000000,bottom
"R2522","100R","R_2512_6332Metric",17.780000,-34.544000,180.000000,bottom
"R2523","100R","R_2512_6332Metric",17.780000,-38.608000,180.000000,bottom
"R2524","100R","R_2512_6332Metric",17.780000,-30.480000,180.000000,bottom
"R2525","100R","R_2512_6332Metric",17.780000,-22.352000,180.000000,bottom
"R2526","330R","R_0805_2012Metric",15.748000,-62.230000,0.000000,bottom
"R2527","330R","R_0805_2012Metric",31.292000,-11.546000,180.000000,bottom
"R2528","10K","R_0805_2012Metric",20.574000,-18.542000,90.000000,bottom
"R2529","1K","R_0805_2012Metric",23.114000,-18.542000,270.000000,bottom
"R2530","100R","R_2512_6332Metric",25.908000,-58.928000,180.000000,bottom
"R2531","100R","R_2512_6332Metric",25.908000,-54.864000,180.000000,bottom
"R2532","100R","R_2512_6332Metric",25.908000,-50.800000,180.000000,bottom
"R2533","100R","R_2512_6332Metric",25.908000,-42.672000,180.000000,bottom
"R2534","100R","R_2512_6332Metric",25.908000,-46.736000,180.000000,bottom
"R2535","100R","R_2512_6332Metric",25.908000,-26.388000,180.000000,bottom
"R2536","100R","R_2512_6332Metric",25.908000,-34.544000,180.000000,bottom
"R2537","100R","R_2512_6332Metric",25.908000,-30.480000,180.000000,bottom
"R2538","100R","R_2512_6332Metric",25.908000,-22.352000,180.000000,bottom
"R2539","100R","R_2512_6332Metric",25.908000,-38.608000,180.000000,bottom
"R2540","330R","R_0805_2012Metric",23.876000,-62.230000,0.000000,bottom
"R2541","330R","R_0805_2012Metric",31.292000,-9.514000,180.000000,bottom
"R2542","10K","R_0805_2012Metric",28.702000,-18.542000,90.000000,bottom
"R2543","1K","R_0805_2012Metric",31.242000,-18.542000,270.000000,bottom
"R2544","100R","R_2512_6332Metric",34.036000,-50.800000,180.000000,bottom
"R2545","100R","R_2512_6332Metric",34.036000,-58.928000,180.000000,bottom
"R2546","100R","R_2512_6332Metric",34.036000,-54.864000,180.000000,bottom
"R2547","100R","R_2512_6332Metric",34.036000,-46.736000,180.000000,bottom
"R2548","100R","R_2512_6332Metric",34.036000,-42.672000,180.000000,bottom
"R2549","100R","R_2512_6332Metric",34.036000,-30.480000,180.000000,bottom
"R2550","100R","R_2512_6332Metric",34.036000,-38.608000,180.000000,bottom
"R2551","100R","R_2512_6332Metric",34.036000,-34.516000,180.000000,bottom
"R2552","100R","R_2512_6332Metric",34.036000,-26.416000,180.000000,bottom
"R2553","100R","R_2512_6332Metric",34.036000,-22.352000,180.000000,bottom
"R2554","330R","R_0805_2012Metric",32.085000,-62.230000,0.000000,bottom
"R2555","330R","R_0805_2012Metric",31.292000,-7.482000,180.000000,bottom
"R2556","10K","R_0805_2012Metric",36.830000,-18.542000,90.000000,bottom
"R2601","1K","R_0805_2012Metric",6.942000,-80.546000,270.000000,bottom
"R2602","100R","R_2512_6332Metric",9.736000,-116.868000,180.000000,bottom
"R2603","100R","R_2512_6332Metric",9.736000,-112.804000,180.000000,bottom
"R2604","100R","R_2512_6332Metric",9.736000,-120.932000,180.000000,bottom
"R2605","100R","R_2512_6332Metric",9.736000,-108.740000,180.000000,bottom
"R2606","100R","R_2512_6332Metric",9.736000,-96.548000,180.000000,bottom
"R2607","100R","R_2512_6332Metric",9.736000,-104.648000,180.000000,bottom
"R2608","100R","R_2512_6332Metric",9.736000,-100.612000,180.000000,bottom
"R2609","100R","R_2512_6332Metric",9.736000,-92.484000,180.000000,bottom
"R2610","100R","R_2512_6332Metric",9.736000,-88.420000,180.000000,bottom
"R2611","100R","R_2512_6332Metric",9.736000,-84.356000,180.000000,bottom
"R2612","330R","R_0805_2012Metric",7.738000,-123.952000,0.000000,bottom
"R2613","330R","R_0805_2012Metric",31.376000,-75.582000,180.000000,bottom
"R2614","10K","R_0805_2012Metric",12.530000,-80.546000,90.000000,bottom
"R2615","1K","R_0805_2012Metric",15.070000,-80.546000,270.000000,bottom
"R2616","100R","R_2512_6332Metric",17.864000,-120.932000,180.000000,bottom
"R2617","100R","R_2512_6332Metric",17.864000,-116.868000,180.000000,bottom
"R2618","100R","R_2512_6332Metric",17.864000,-112.804000,180.000000,bottom
"R2619","100R","R_2512_6332Metric",17.864000,-108.740000,180.000000,bottom
"R2620","100R","R_2512_6332Metric",17.864000,-104.676000,180.000000,bottom
"R2621","100R","R_2512_6332Metric",17.864000,-88.392000,180.000000,bottom
"R2622","100R","R_2512_6332Metric",17.864000,-96.548000,180.000000,bottom
"R2623","100R","R_2512_6332Metric",17.864000,-100.612000,180.000000,bottom
"R2624","100R","R_2512_6332Metric",17.864000,-92.484000,180.000000,bottom
"R2625","100R","R_2512_6332Metric",17.864000,-84.356000,180.000000,bottom
"R2626","330R","R_0805_2012Metric",15.832000,-123.952000,0.000000,bottom
"R2627","330R","R_0805_2012Metric",31.376000,-73.550000,180.000000,bottom
"R2628","10K","R_0805_2012Metric",20.658000,-80.546000,90.000000,bottom
"R2629","1K","R_0805_2012Metric",23.198000,-80.546000,270.000000,bottom
"R2630","100R","R_2512_6332Metric",25.992000,-120.932000,180.000000,bottom
"R2631","100R","R_2512_6332Metric",25.992000,-116.868000,180.000000,bottom
"R2632","100R","R_2512_6332Metric",25.992000,-112.804000,180.000000,bottom
"R2633","100R","R_2512_6332Metric",25.992000,-104.676000,180.000000,bottom
"R2634","100R","R_2512_6332Metric",25.992000,-108.740000,180.000000,bottom
"R2635","100R","R_2512_6332Metric",25.992000,-88.392000,180.000000,bottom
"R2636","100R","R_2512_6332Metric",25.992000,-96.548000,180.000000,bottom
"R2637","100R","R_2512_6332Metric",25.992000,-92.484000,180.000000,bottom
"R2638","100R","R_2512_6332Metric",25.992000,-84.356000,180.000000,bottom
"R2639","100R","R_2512_6332Metric",25.992000,-100.612000,180.000000,bottom
"R2640","330R","R_0805_2012Metric",23.960000,-123.980000,0.000000,bottom
"R2641","330R","R_0805_2012Metric",31.376000,-71.518000,180.000000,bottom
"R2642","10K","R_0805_2012Metric",28.786000,-80.546000,90.000000,bottom
"R2643","1K","R_0805_2012Metric",31.326000,-80.546000,270.000000,bottom
"R2644","100R","R_2512_6332Metric",34.120000,-112.804000,180.000000,bottom
"R2645","100R","R_2512_6332Metric",34.120000,-120.932000,180.000000,bottom
"R2646","100R","R_2512_6332Metric",34.120000,-116.868000,180.000000,bottom
"R2647","100R","R_2512_6332Metric",34.120000,-108.740000,180.000000,bottom
"R2648","100R","R_2512_6332Metric",34.120000,-104.676000,180.000000,bottom
"R2649","100R","R_2512_6332Metric",34.120000,-92.484000,180.000000,bottom
"R2650","100R","R_2512_6332Metric",34.120000,-100.612000,180.000000,bottom
"R2651","100R","R_2512_6332Metric",34.120000,-96.520000,180.000000,bottom
"R2652","100R","R_2512_6332Metric",34.120000,-88.420000,180.000000,bottom
"R2653","100R","R_2512_6332Metric",34.120000,-84.356000,180.000000,bottom
"R2654","330R","R_0805_2012Metric",32.169000,-123.980000,0.000000,bottom
"R2655","330R","R_0805_2012Metric",31.376000,-69.486000,180.000000,bottom
"R2656","10K","R_0805_2012Metric",36.914000,-80.546000,90.000000,bottom
"R2701","1K","R_0805_2012Metric",43.427400,-18.538200,270.000000,bottom
"R2702","100R","R_2512_6332Metric",46.221400,-54.860200,180.000000,bottom
"R2703","100R","R_2512_6332Metric",46.221400,-50.796200,180.000000,bottom
"R2704","100R","R_2512_6332Metric",46.221400,-58.924200,180.000000,bottom
"R2705","100R","R_2512_6332Metric",46.221400,-46.732200,180.000000,bottom
"R2706","100R","R_2512_6332Metric",46.221400,-34.540200,180.000000,bottom
"R2707","100R","R_2512_6332Metric",46.221400,-42.640200,180.000000,bottom
"R2708","100R","R_2512_6332Metric",46.221400,-38.604200,180.000000,bottom
"R2709","100R","R_2512_6332Metric",46.221400,-30.476200,180.000000,bottom
"R2710","100R","R_2512_6332Metric",46.221400,-26.412200,180.000000,bottom
"R2711","100R","R_2512_6332Metric",46.221400,-22.348200,180.000000,bottom
"R2712","330R","R_0805_2012Metric",44.223400,-62.226200,0.000000,bottom
"R2713","330R","R_0805_2012Metric",67.861400,-13.574200,180.000000,bottom
"R2714","10K","R_0805_2012Metric",49.015400,-18.538200,90.000000,bottom
"R2715","1K","R_0805_2012Metric",51.555400,-18.538200,270.000000,bottom
"R2716","100R","R_2512_6332Metric",54.349400,-58.924200,180.000000,bottom
"R2717","100R","R_2512_6332Metric",54.349400,-54.860200,180.000000,bottom
"R2718","100R","R_2512_6332Metric",54.349400,-50.796200,180.000000,bottom
"R2719","100R","R_2512_6332Metric",54.349400,-46.732200,180.000000,bottom
"R2720","100R","R_2512_6332Metric",54.349400,-42.668200,180.000000,bottom
"R2721","100R","R_2512_6332Metric",54.349400,-26.384200,180.000000,bottom
"R2722","100R","R_2512_6332Metric",54.349400,-34.540200,180.000000,bottom
"R2723","100R","R_2512_6332Metric",54.349400,-38.604200,180.000000,bottom
"R2724","100R","R_2512_6332Metric",54.349400,-30.476200,180.000000,bottom
"R2725","100R","R_2512_6332Metric",54.349400,-22.348200,180.000000,bottom
"R2726","330R","R_0805_2012Metric",52.317400,-62.226200,0.000000,bottom
"R2727","330R","R_0805_2012Metric",67.861400,-11.542200,180.000000,bottom
"R2728","10K","R_0805_2012Metric",57.143400,-18.538200,90.000000,bottom
"R2729","1K","R_0805_2012Metric",59.683400,-18.538200,270.000000,bottom
"R2730","100R","R_2512_6332Metric",62.477400,-58.924200,180.000000,bottom
"R2731","100R","R_2512_6332Metric",62.477400,-54.860200,180.000000,bottom
"R2732","100R","R_2512_6332Metric",62.477400,-50.796200,180.000000,bottom
"R2733","100R","R_2512_6332Metric",62.477400,-42.668200,180.000000,bottom
"R2734","100R","R_2512_6332Metric",62.477400,-46.732200,180.000000,bottom
"R2735","100R","R_2512_6332Metric",62.477400,-26.384200,180.000000,bottom
"R2736","100R","R_2512_6332Metric",62.477400,-34.540200,180.000000,bottom
"R2737","100R","R_2512_6332Metric",62.477400,-30.476200,180.000000,bottom
"R2738","100R","R_2512_6332Metric",62.477400,-22.348200,180.000000,bottom
"R2739","100R","R_2512_6332Metric",62.477400,-38.604200,180.000000,bottom
"R2740","330R","R_0805_2012Metric",60.445400,-62.226200,0.000000,bottom
"R2741","330R","R_0805_2012Metric",67.861400,-9.510200,180.000000,bottom
"R2742","10K","R_0805_2012Metric",65.271400,-18.538200,90.000000,bottom
"R2743","1K","R_0805_2012Metric",67.811400,-18.538200,270.000000,bottom
"R2744","100R","R_2512_6332Metric",70.605400,-50.796200,180.000000,bottom
"R2745","100R","R_2512_6332Metric",70.605400,-58.924200,180.000000,bottom
"R2746","100R","R_2512_6332Metric",70.605400,-54.860200,180.000000,bottom
"R2747","100R","R_2512_6332Metric",70.605400,-46.732200,180.000000,bottom
"R2748","100R","R_2512_6332Metric",70.605400,-42.668200,180.000000,bottom
"R2749","100R","R_2512_6332Metric",70.605400,-30.476200,180.000000,bottom
"R2750","100R","R_2512_6332Metric",70.605400,-38.604200,180.000000,bottom
"R2751","100R","R_2512_6332Metric",70.605400,-34.512200,180.000000,bottom
"R2752","100R","R_2512_6332Metric",70.605400,-26.412200,180.000000,bottom
"R2753","100R","R_2512_6332Metric",70.605400,-22.348200,180.000000,bottom
"R2754","330R","R_0805_2012Metric",68.654400,-62.226200,0.000000,bottom
"R2755","330R","R_0805_2012Metric",67.861400,-7.478200,180.000000,bottom
"R2756","10K","R_0805_2012Metric",73.399400,-18.538200,90.000000,bottom
"R2801","1K","R_0805_2012Metric",43.454000,-80.508000,270.000000,bottom
"R2802","100R","R_2512_6332Metric",46.248000,-116.830000,180.000000,bottom
"R2803","100R","R_2512_6332Metric",46.248000,-112.766000,180.000000,bottom
"R2804","100R","R_2512_6332Metric",46.248000,-120.894000,180.000000,bottom
"R2805","100R","R_2512_6332Metric",46.248000,-108.702000,180.000000,bottom
"R2806","100R","R_2512_6332Metric",46.248000,-96.510000,180.000000,bottom
"R2807","100R","R_2512_6332Metric",46.248000,-104.610000,180.000000,bottom
"R2808","100R","R_2512_6332Metric",46.248000,-100.574000,180.000000,bottom
"R2809","100R","R_2512_6332Metric",46.248000,-92.446000,180.000000,bottom
"R2810","100R","R_2512_6332Metric",46.248000,-88.382000,180.000000,bottom
"R2811","100R","R_2512_6332Metric",46.248000,-84.318000,180.000000,bottom
"R2812","330R","R_0805_2012Metric",44.250000,-123.942000,0.000000,bottom
"R2813","330R","R_0805_2012Metric",67.888000,-75.544000,180.000000,bottom
"R2814","10K","R_0805_2012Metric",49.042000,-80.508000,90.000000,bottom
"R2815","1K","R_0805_2012Metric",51.582000,-80.508000,270.000000,bottom
"R2816","100R","R_2512_6332Metric",54.376000,-120.894000,180.000000,bottom
"R2817","100R","R_2512_6332Metric",54.376000,-116.830000,180.000000,bottom
"R2818","100R","R_2512_6332Metric",54.376000,-112.766000,180.000000,bottom
"R2819","100R","R_2512_6332Metric",54.376000,-108.702000,180.000000,bottom
"R2820","100R","R_2512_6332Metric",54.376000,-104.638000,180.000000,bottom
"R2821","100R","R_2512_6332Metric",54.376000,-88.354000,180.000000,bottom
"R2822","100R","R_2512_6332Metric",54.376000,-96.510000,180.000000,bottom
"R2823","100R","R_2512_6332Metric",54.376000,-100.574000,180.000000,bottom
"R2824","100R","R_2512_6332Metric",54.376000,-92.446000,180.000000,bottom
"R2825","100R","R_2512_6332Metric",54.376000,-84.318000,180.000000,bottom
"R2826","330R","R_0805_2012Metric",52.344000,-123.942000,0.000000,bottom
"R2827","330R","R_0805_2012Metric",67.888000,-73.512000,180.000000,bottom
"R2828","10K","R_0805_2012Metric",57.170000,-80.508000,90.000000,bottom
"R2829","1K","R_0805_2012Metric",59.710000,-80.508000,270.000000,bottom
"R2830","100R","R_2512_6332Metric",62.504000,-120.894000,180.000000,bottom
"R2831","100R","R_2512_6332Metric",62.504000,-116.830000,180.000000,bottom
"R2832","100R","R_2512_6332Metric",62.504000,-112.766000,180.000000,bottom
"R2833","100R","R_2512_6332Metric",62.504000,-104.638000,180.000000,bottom
"R2834","100R","R_2512_6332Metric",62.504000,-108.702000,180.000000,bottom
"R2835","100R","R_2512_6332Metric",62.504000,-88.354000,180.000000,bottom
"R2836","100R","R_2512_6332Metric",62.504000,-96.510000,180.000000,bottom
"R2837","100R","R_2512_6332Metric",62.504000,-92.446000,180.000000,bottom
"R2838","100R","R_2512_6332Metric",62.504000,-84.318000,180.000000,bottom
"R2839","100R","R_2512_6332Metric",62.504000,-100.574000,180.000000,bottom
"R2840","330R","R_0805_2012Metric",60.472000,-123.942000,0.000000,bottom
"R2841","330R","R_0805_2012Metric",67.888000,-71.480000,180.000000,bottom
"R2842","10K","R_0805_2012Metric",65.298000,-80.508000,90.000000,bottom
"R2843","1K","R_0805_2012Metric",67.838000,-80.508000,270.000000,bottom
"R2844","100R","R_2512_6332Metric",70.632000,-112.766000,180.000000,bottom
"R2845","100R","R_2512_6332Metric",70.632000,-120.894000,180.000000,bottom
"R2846","100R","R_2512_6332Metric",70.632000,-116.830000,180.000000,bottom
"R2847","100R","R_2512_6332Metric",70.632000,-108.702000,180.000000,bottom
"R2848","100R","R_2512_6332Metric",70.632000,-104.638000,180.000000,bottom
"R2849","100R","R_2512_6332Metric",70.632000,-92.446000,180.000000,bottom
"R2850","100R","R_2512_6332Metric",70.632000,-100.574000,180.000000,bottom
"R2851","100R","R_2512_6332Metric",70.632000,-96.482000,180.000000,bottom
"R2852","100R","R_2512_6332Metric",70.632000,-88.382000,180.000000,bottom
"R2853","100R","R_2512_6332Metric",70.632000,-84.318000,180.000000,bottom
"R2854","330R","R_0805_2012Metric",68.681000,-123.942000,0.000000,bottom
"R2855","330R","R_0805_2012Metric",67.888000,-69.448000,180.000000,bottom
"R2856","10K","R_0805_2012Metric",73.426000,-80.508000,90.000000,bottom
"R2901","1K","R_0805_2012Metric",80.035000,-18.569000,270.000000,bottom
"R2902","100R","R_2512_6332Metric",82.829000,-54.891000,180.000000,bottom
"R2903","100R","R_2512_6332Metric",82.829000,-50.827000,180.000000,bottom
"R2904","100R","R_2512_6332Metric",82.829000,-58.955000,180.000000,bottom
"R2905","100R","R_2512_6332Metric",82.829000,-46.763000,180.000000,bottom
"R2906","100R","R_2512_6332Metric",82.829000,-34.571000,180.000000,bottom
"R2907","100R","R_2512_6332Metric",82.829000,-42.671000,180.000000,bottom
"R2908","100R","R_2512_6332Metric",82.829000,-38.635000,180.000000,bottom
"R2909","100R","R_2512_6332Metric",82.829000,-30.507000,180.000000,bottom
"R2910","100R","R_2512_6332Metric",82.829000,-26.443000,180.000000,bottom
"R2911","100R","R_2512_6332Metric",82.829000,-22.379000,180.000000,bottom
"R2912","330R","R_0805_2012Metric",80.831000,-62.257000,0.000000,bottom
"R2913","330R","R_0805_2012Metric",104.469000,-13.605000,180.000000,bottom
"R2914","10K","R_0805_2012Metric",85.623000,-18.569000,90.000000,bottom
"R2915","1K","R_0805_2012Metric",88.163000,-18.569000,270.000000,bottom
"R2916","100R","R_2512_6332Metric",90.957000,-58.955000,180.000000,bottom
"R2917","100R","R_2512_6332Metric",90.957000,-54.891000,180.000000,bottom
"R2918","100R","R_2512_6332Metric",90.957000,-50.827000,180.000000,bottom
"R2919","100R","R_2512_6332Metric",90.957000,-46.763000,180.000000,bottom
"R2920","100R","R_2512_6332Metric",90.957000,-42.699000,180.000000,bottom
"R2921","100R","R_2512_6332Metric",90.957000,-26.415000,180.000000,bottom
"R2922","100R","R_2512_6332Metric",90.957000,-34.571000,180.000000,bottom
"R2923","100R","R_2512_6332Metric",90.957000,-38.635000,180.000000,bottom
"R2924","100R","R_2512_6332Metric",90.957000,-30.507000,180.000000,bottom
"R2925","100R","R_2512_6332Metric",90.957000,-22.379000,180.000000,bottom
"R2926","330R","R_0805_2012Metric",88.925000,-62.257000,0.000000,bottom
"R2927","330R","R_0805_2012Metric",104.469000,-11.573000,180.000000,bottom
"R2928","10K","R_0805_2012Metric",93.751000,-18.569000,90.000000,bottom
"R2929","1K","R_0805_2012Metric",96.291000,-18.569000,270.000000,bottom
"R2930","100R","R_2512_6332Metric",99.085000,-58.955000,180.000000,bottom
"R2931","100R","R_2512_6332Metric",99.085000,-54.891000,180.000000,bottom
"R2932","100R","R_2512_6332Metric",99.085000,-50.827000,180.000000,bottom
"R2933","100R","R_2512_6332Metric",99.085000,-42.699000,180.000000,bottom
"R2934","100R","R_2512_6332Metric",99.085000,-46.763000,180.000000,bottom
"R2935","100R","R_2512_6332Metric",99.085000,-26.415000,180.000000,bottom
"R2936","100R","R_2512_6332Metric",99.085000,-34.571000,180.000000,bottom
"R2937","100R","R_2512_6332Metric",99.085000,-30.507000,180.000000,bottom
"R2938","100R","R_2512_6332Metric",99.085000,-22.379000,180.000000,bottom
"R2939","100R","R_2512_6332Metric",99.085000,-38.635000,180.000000,bottom
"R2940","330R","R_0805_2012Metric",97.053000,-62.257000,0.000000,bottom
"R2941","330R","R_0805_2012Metric",104.469000,-9.541000,180.000000,bottom
"R2942","10K","R_0805_2012Metric",101.879000,-18.569000,90.000000,bottom
"R2943","1K","R_0805_2012Metric",104.419000,-18.569000,270.000000,bottom
"R2944","100R","R_2512_6332Metric",107.213000,-50.827000,180.000000,bottom
"R2945","100R","R_2512_6332Metric",107.213000,-58.955000,180.000000,bottom
"R2946","100R","R_2512_6332Metric",107.213000,-54.891000,180.000000,bottom
"R2947","100R","R_2512_6332Metric",107.213000,-46.763000,180.000000,bottom
"R2948","100R","R_2512_6332Metric",107.213000,-42.699000,180.000000,bottom
"R2949","100R","R_2512_6332Metric",107.213000,-30.507000,180.000000,bottom
"R2950","100R","R_2512_6332Metric",107.213000,-38.635000,180.000000,bottom
"R2951","100R","R_2512_6332Metric",107.213000,-34.543000,180.000000,bottom
"R2952","100R","R_2512_6332Metric",107.213000,-26.443000,180.000000,bottom
"R2953","100R","R_2512_6332Metric",107.213000,-22.379000,180.000000,bottom
"R2954","330R","R_0805_2012Metric",105.262000,-62.257000,0.000000,bottom
"R2955","330R","R_0805_2012Metric",104.469000,-7.509000,180.000000,bottom
"R2956","10K","R_0805_2012Metric",110.007000,-18.569000,90.000000,bottom
"R3001","1K","R_0805_2012Metric",80.061600,-80.503600,270.000000,bottom
"R3002","100R","R_2512_6332Metric",82.855600,-116.825600,180.000000,bottom
"R3003","100R","R_2512_6332Metric",82.855600,-112.761600,180.000000,bottom
"R3004","100R","R_2512_6332Metric",82.855600,-120.889600,180.000000,bottom
"R3005","100R","R_2512_6332Metric",82.855600,-108.697600,180.000000,bottom
"R3006","100R","R_2512_6332Metric",82.855600,-96.505600,180.000000,bottom
"R3007","100R","R_2512_6332Metric",82.855600,-104.605600,180.000000,bottom
"R3008","100R","R_2512_6332Metric",82.855600,-100.569600,180.000000,bottom
"R3009","100R","R_2512_6332Metric",82.855600,-92.441600,180.000000,bottom
"R3010","100R","R_2512_6332Metric",82.855600,-88.377600,180.000000,bottom
"R3011","100R","R_2512_6332Metric",82.855600,-84.313600,180.000000,bottom
"R3012","330R","R_0805_2012Metric",80.857600,-123.937600,0.000000,bottom
"R3013","330R","R_0805_2012Metric",104.495600,-75.539600,180.000000,bottom
"R3014","10K","R_0805_2012Metric",85.649600,-80.503600,90.000000,bottom
"R3015","1K","R_0805_2012Metric",88.189600,-80.503600,270.000000,bottom
"R3016","100R","R_2512_6332Metric",90.983600,-120.889600,180.000000,bottom
"R3017","100R","R_2512_6332Metric",90.983600,-116.825600,180.000000,bottom
"R3018","100R","R_2512_6332Metric",90.983600,-112.761600,180.000000,bottom
"R3019","100R","R_2512_6332Metric",90.983600,-108.697600,180.000000,bottom
"R3020","100R","R_2512_6332Metric",90.983600,-104.633600,180.000000,bottom
"R3021","100R","R_2512_6332Metric",90.983600,-88.349600,180.000000,bottom
"R3022","100R","R_2512_6332Metric",90.983600,-96.505600,180.000000,bottom
"R3023","100R","R_2512_6332Metric",90.983600,-100.569600,180.000000,bottom
"R3024","100R","R_2512_6332Metric",90.983600,-92.441600,180.000000,bottom
"R3025","100R","R_2512_6332Metric",90.983600,-84.313600,180.000000,bottom
"R3026","330R","R_0805_2012Metric",88.951600,-123.937600,0.000000,bottom
"R3027","330R","R_0805_2012Metric",104.495600,-73.507600,180.000000,bottom
"R3028","10K","R_0805_2012Metric",93.777600,-80.503600,90.000000,bottom
"R3029","1K","R_0805_2012Metric",96.317600,-80.503600,270.000000,bottom
"R3030","100R","R_2512_6332Metric",99.111600,-120.889600,180.000000,bottom
"R3031","100R","R_2512_6332Metric",99.111600,-116.825600,180.000000,bottom
"R3032","100R","R_2512_6332Metric",99.111600,-112.761600,180.000000,bottom
"R3033","100R","R_2512_6332Metric",99.111600,-104.633600,180.000000,bottom
"R3034","100R","R_2512_6332Metric",99.111600,-108.697600,180.000000,bottom
"R3035","100R","R_2512_6332Metric",99.111600,-88.349600,180.000000,bottom
"R3036","100R","R_2512_6332Metric",99.111600,-96.505600,180.000000,bottom
"R3037","100R","R_2512_6332Metric",99.111600,-92.441600,180.000000,bottom
"R3038","100R","R_2512_6332Metric",99.111600,-84.313600,180.000000,bottom
"R3039","100R","R_2512_6332Metric",99.111600,-100.569600,180.000000,bottom
"R3040","330R","R_0805_2012Metric",97.079600,-123.937600,0.000000,bottom
"R3041","330R","R_0805_2012Metric",104.495600,-71.475600,180.000000,bottom
"R3042","10K","R_0805_2012Metric",101.905600,-80.503600,90.000000,bottom
"R3043","1K","R_0805_2012Metric",104.445600,-80.503600,270.000000,bottom
"R3044","100R","R_2512_6332Metric",107.239600,-112.761600,180.000000,bottom
"R3045","100R","R_2512_6332Metric",107.239600,-120.889600,180.000000,bottom
"R3046","100R","R_2512_6332Metric",107.239600,-116.825600,180.000000,bottom
"R3047","100R","R_2512_6332Metric",107.239600,-108.697600,180.000000,bottom
"R3048","100R","R_2512_6332Metric",107.239600,-104.633600,180.000000,bottom
"R3049","100R","R_2512_6332Metric",107.239600,-92.441600,180.000000,bottom
"R3050","100R","R_2512_6332Metric",107.239600,-100.569600,180.000000,bottom
"R3051","100R","R_2512_6332Metric",107.239600,-96.477600,180.000000,bottom
"R3052","100R","R_2512_6332Metric",107.239600,-88.377600,180.000000,bottom
"R3053","100R","R_2512_6332Metric",107.239600,-84.313600,180.000000,bottom
"R3054","330R","R_0805_2012Metric",105.288600,-123.937600,0.000000,bottom
"R3055","330R","R_0805_2012Metric",104.495600,-69.443600,180.000000,bottom
"R3056","10K","R_0805_2012Metric",110.033600,-80.503600,90.000000,bottom
"U2501","TLP290-4","SOIC-16_4.55x10.3mm_P1.27mm(TLP290-4)",21.844000,-10.668000,270.000000,bottom
"U2601","TLP290-4","SOIC-16_4.55x10.3mm_P1.27mm(TLP290-4)",21.928000,-72.672000,270.000000,bottom
"U2701","TLP290-4","SOIC-16_4.55x10.3mm_P1.27mm(TLP290-4)",58.413400,-10.664200,270.000000,bottom
"U2801","TLP290-4","SOIC-16_4.55x10.3mm_P1.27mm(TLP290-4)",58.440000,-72.634000,270.000000,bottom
"U2901","TLP290-4","SOIC-16_4.55x10.3mm_P1.27mm(TLP290-4)",95.021000,-10.695000,270.000000,bottom
"U3001","TLP290-4","SOIC-16_4.55x10.3mm_P1.27mm(TLP290-4)",95.047600,-72.629600,270.000000,bottom
