Designator,Val,Package,Mid X,Mid Y,Rotation,Layer
C101,100nF,C_0805_2012Metric,188.976,-82.804,0,top
C102,100nF,C_0805_2012Metric,129.286,-96.012,0,top
C103,100nF,C_0805_2012Metric,188.976,-110.998,0,top
C104,100nF,C_0805_2012Metric,129.54,-110.236,0,top
C105,100nF,C_0805_2012Metric,184.404,-46.736,180,top
C106,100nF,C_0805_2012Metric,188.976,-97.028,0,top
C107,100nF,C_0805_2012Metric,124.714,-82.804,0,top
C108,100nF,C_0805_2012Metric,160.528,-17.653,270,top
C109,12pF,C_0805_2012Metric,150.622,-61.976,0,top
C110,12pF,C_0805_2012Metric,150.622,-65.786,0,top
C111,100pF,C_0805_2012Metric,150.622,-56.642,0,top
C112,100pF,C_0805_2012Metric,150.622,-52.832,0,top
C113,100nF,C_0805_2012Metric,145.796,-17.78,270,top
C114,10uF,C_0805_2012Metric,100.584,-132.842,270,top
C115,100nF,C_0805_2012Metric,102.87,-132.842,270,top
C116,100nF,C_0805_2012Metric,204.724,-116.9185,270,top
C117,100nF,C_0805_2012Metric,212.344,-120.904,180,top
C118,100nF,C_0805_2012Metric,131.064,-17.78,270,top
C119,100nF,C_0805_2012Metric,163.576,-52.07,0,top
C120,100nF,C_0805_2012Metric,173.99,-55.372,270,top
C121,100nF,C_0805_2012Metric,172.466,-64.008,90,top
C122,100nF,C_0805_2012Metric,185.928,-40.64,180,top
C123,10uF,C_0805_2012Metric,163.576,-50.038,0,top
C124,10uF,C_0805_2012Metric,176.022,-55.372,270,top
C125,100nF,C_0805_2012Metric,127.254,-62.738,0,top
C126,100nF,C_0805_2012Metric,128.016,-47.244,0,top
C127,10uF,C_0805_2012Metric,174.498,-64.008,90,top
C201,100nF,C_0805_2012Metric,225.679,-77.089,90,top
C202,10uF,C_0805_2012Metric,223.774,-77.089,90,top
C203,10uF,C_0805_2012Metric,220.98,-60.833,180,top
C204,100nF,C_0805_2012Metric,220.98,-58.801,180,top
C205,10uF,C_0805_2012Metric,214.376,-73.533,90,top
C206,100nF,C_0805_2012Metric,216.408,-73.533,90,top
C207,100nF,C_0805_2012Metric,211.201,-73.533,90,top
C208,10uF,C_0805_2012Metric,212.217,-66.167,90,top
C209,100nF,C_0805_2012Metric,212.979,-62.865,180,top
C210,10uF,C_0805_2012Metric,212.979,-58.928,180,top
C211,100nF,C_0805_2012Metric,210.058,-66.167,90,top
C301,100nF,C_0805_2012Metric,229.362,-9.017,0,top
C302,10uF,C_0805_2012Metric,229.362,-11.303,0,top
C303,220uF,CP_Elec_10x10,221.996,-19.558,180,top
C304,220uF,CP_Elec_10x10,221.996,-10.16,180,top
C305,220uF,CP_Elec_10x10,175.514,-19.558,0,top
C306,100nF,C_0805_2012Metric,175.514,-25.146,0,top
C307,220uF,CP_Elec_10x10,175.514,-10.16,0,top
C308,220uF,CP_Elec_10x10,175.514,-35.56,0,top
C309,100nF,C_0805_2012Metric,185.928,-38.354,180,top
C501,100nF,C_0805_2012Metric,32.06,-44.171,0,top
C502,100nF,C_0805_2012Metric,32.06,-46.203,0,top
C503,100nF,C_0805_2012Metric,32.06,-50.648,0,top
C601,100nF,C_0805_2012Metric,32.165,-18.492,0,top
C602,100nF,C_0805_2012Metric,32.165,-20.524,0,top
C603,100nF,C_0805_2012Metric,32.165,-24.969,0,top
C701,100nF,C_0805_2012Metric,32.036,-106.144,0,top
C702,100nF,C_0805_2012Metric,32.036,-108.176,0,top
C703,100nF,C_0805_2012Metric,32.036,-112.621,0,top
C801,100nF,C_0805_2012Metric,32.036,-80.4,0,top
C802,100nF,C_0805_2012Metric,32.036,-82.432,0,top
C803,100nF,C_0805_2012Metric,32.036,-86.877,0,top
C901,100nF,C_0805_2012Metric,68.535,-43.787,0,top
C902,100nF,C_0805_2012Metric,68.535,-45.819,0,top
C903,100nF,C_0805_2012Metric,68.535,-50.264,0,top
C1001,100nF,C_0805_2012Metric,68.485,-18.588,0,top
C1002,100nF,C_0805_2012Metric,68.485,-20.62,0,top
C1003,100nF,C_0805_2012Metric,68.485,-25.065,0,top
C1101,100nF,C_0805_2012Metric,68.662,-106.181,0,top
C1102,100nF,C_0805_2012Metric,68.662,-108.213,0,top
C1103,100nF,C_0805_2012Metric,68.662,-112.658,0,top
C1201,100nF,C_0805_2012Metric,68.585,-80.49,0,top
C1202,100nF,C_0805_2012Metric,68.585,-82.522,0,top
C1203,100nF,C_0805_2012Metric,68.585,-86.967,0,top
C1301,100nF,C_0805_2012Metric,105.315,-43.771,0,top
C1302,100nF,C_0805_2012Metric,105.315,-45.803,0,top
C1303,100nF,C_0805_2012Metric,105.315,-50.248,0,top
C1401,100nF,C_0805_2012Metric,105.238,-18.461,0,top
C1402,100nF,C_0805_2012Metric,105.238,-20.493,0,top
C1403,100nF,C_0805_2012Metric,105.238,-24.938,0,top
C1501,100nF,C_0805_2012Metric,105.283,-106.172,0,top
C1502,100nF,C_0805_2012Metric,105.283,-108.204,0,top
C1503,100nF,C_0805_2012Metric,105.283,-112.649,0,top
C1601,100nF,C_0805_2012Metric,105.156,-80.505,0,top
C1602,100nF,C_0805_2012Metric,105.156,-82.537,0,top
C1603,100nF,C_0805_2012Metric,105.156,-86.982,0,top
C1801,100nF,C_0805_2012Metric,144.78,-97.663,0,top
C1901,100nF,C_0805_2012Metric,144.78,-110.363,0,top
C2001,100nF,C_0805_2012Metric,144.78,-84.963,0,top
C2101,100nF,C_0805_2012Metric,168.91,-84.963,0,top
C2201,100nF,C_0805_2012Metric,168.91,-97.663,0,top
C2301,100nF,C_0805_2012Metric,168.91,-110.363,0,top
C3101,100nF,C_0805_2012Metric,202.184,-84.963,0,top
D101,LED,LED_0805_1.15x1.40mm_HandSolder,233.172,-100.076,180,top
D102,LED,LED_0805_1.15x1.40mm_HandSolder,233.172,-102.87,180,top
D103,LED,LED_0805_1.15x1.40mm_HandSolder,233.172,-105.664,180,top
D104,LED,LED_0805_1.15x1.40mm_HandSolder,233.172,-108.331,180,top
D105,LED,LED_0805_1.15x1.40mm_HandSolder,233.172,-97.282,180,top
D106,LED,LED_0805_1.15x1.40mm_HandSolder,233.172,-94.488,180,top
D107,LED,LED_0805_1.15x1.40mm_HandSolder,233.172,-91.694,180,top
D108,LED,LED_0805_1.15x1.40mm_HandSolder,233.172,-88.9,180,top
D301,SS54HF,DO-214AC,233.426,-29.718,0,top
D302,LED,LED_0805_1.15x1.40mm_HandSolder,178.562,-27.178,270,top
D501,LL4148,SOD-80,27.305,-41.021,0,top
D502,LL4148,SOD-80,21.717,-41.021,0,top
D503,LL4148,SOD-80,16.129,-41.021,0,top
D504,LL4148,SOD-80,27.305,-54.737,0,top
D505,LL4148,SOD-80,21.717,-54.737,0,top
D506,LL4148,SOD-80,16.129,-54.737,0,top
D601,LL4148,SOD-80,27.41,-15.342,0,top
D602,LL4148,SOD-80,21.822,-15.342,0,top
D603,LL4148,SOD-80,16.234,-15.342,0,top
D604,LL4148,SOD-80,27.41,-29.058,0,top
D605,LL4148,SOD-80,21.822,-29.058,0,top
D606,LL4148,SOD-80,16.234,-29.058,0,top
D701,LL4148,SOD-80,27.281,-102.994,0,top
D702,LL4148,SOD-80,21.693,-102.994,0,top
D703,LL4148,SOD-80,16.105,-102.994,0,top
D704,LL4148,SOD-80,27.281,-116.71,0,top
D705,LL4148,SOD-80,21.693,-116.71,0,top
D706,LL4148,SOD-80,16.105,-116.71,0,top
D801,LL4148,SOD-80,27.281,-77.25,0,top
D802,LL4148,SOD-80,21.693,-77.25,0,top
D803,LL4148,SOD-80,16.105,-77.25,0,top
D804,LL4148,SOD-80,27.281,-90.966,0,top
D805,LL4148,SOD-80,21.693,-90.966,0,top
D806,LL4148,SOD-80,16.105,-90.966,0,top
D901,LL4148,SOD-80,63.78,-40.637,0,top
D902,LL4148,SOD-80,58.192,-40.637,0,top
D903,LL4148,SOD-80,52.604,-40.637,0,top
D904,LL4148,SOD-80,63.78,-54.353,0,top
D905,LL4148,SOD-80,58.192,-54.353,0,top
D906,LL4148,SOD-80,52.604,-54.353,0,top
D1001,LL4148,SOD-80,63.73,-15.438,0,top
D1002,LL4148,SOD-80,58.142,-15.438,0,top
D1003,LL4148,SOD-80,52.554,-15.438,0,top
D1004,LL4148,SOD-80,63.73,-29.154,0,top
D1005,LL4148,SOD-80,58.142,-29.154,0,top
D1006,LL4148,SOD-80,52.554,-29.154,0,top
D1101,LL4148,SOD-80,63.907,-103.031,0,top
D1102,LL4148,SOD-80,58.319,-103.031,0,top
D1103,LL4148,SOD-80,52.731,-103.031,0,top
D1104,LL4148,SOD-80,63.907,-116.747,0,top
D1105,LL4148,SOD-80,58.319,-116.747,0,top
D1106,LL4148,SOD-80,52.731,-116.747,0,top
D1201,LL4148,SOD-80,63.83,-77.34,0,top
D1202,LL4148,SOD-80,58.242,-77.34,0,top
D1203,LL4148,SOD-80,52.654,-77.34,0,top
D1204,LL4148,SOD-80,63.83,-91.056,0,top
D1205,LL4148,SOD-80,58.242,-91.056,0,top
D1206,LL4148,SOD-80,52.654,-91.056,0,top
D1301,LL4148,SOD-80,100.56,-40.621,0,top
D1302,LL4148,SOD-80,94.972,-40.621,0,top
D1303,LL4148,SOD-80,89.384,-40.621,0,top
D1304,LL4148,SOD-80,100.56,-54.337,0,top
D1305,LL4148,SOD-80,94.972,-54.337,0,top
D1306,LL4148,SOD-80,89.384,-54.337,0,top
D1401,LL4148,SOD-80,100.483,-15.311,0,top
D1402,LL4148,SOD-80,94.895,-15.311,0,top
D1403,LL4148,SOD-80,89.307,-15.311,0,top
D1404,LL4148,SOD-80,100.483,-29.027,0,top
D1405,LL4148,SOD-80,94.895,-29.027,0,top
D1406,LL4148,SOD-80,89.307,-29.027,0,top
D1501,LL4148,SOD-80,100.528,-103.022,0,top
D1502,LL4148,SOD-80,94.94,-103.022,0,top
D1503,LL4148,SOD-80,89.352,-103.022,0,top
D1504,LL4148,SOD-80,100.528,-116.738,0,top
D1505,LL4148,SOD-80,94.94,-116.738,0,top
D1506,LL4148,SOD-80,89.352,-116.738,0,top
D1601,LL4148,SOD-80,100.401,-77.355,0,top
D1602,LL4148,SOD-80,94.813,-77.355,0,top
D1603,LL4148,SOD-80,89.225,-77.355,0,top
D1604,LL4148,SOD-80,100.401,-91.071,0,top
D1605,LL4148,SOD-80,94.813,-91.071,0,top
D1606,LL4148,SOD-80,89.225,-91.071,0,top
F301,Fuse_1206,FUSE_1206_3216Metric,227.584,-29.718,0,top
F401,Fuse,FUSE_1206_3216Metric,72.263,-132.588,90,top
F402,Fuse,FUSE_1206_3216Metric,74.803,-132.588,90,top
F403,Fuse,FUSE_1206_3216Metric,69.723,-132.588,90,top
F404,Fuse,FUSE_1206_3216Metric,77.343,-132.588,90,top
F405,Fuse,FUSE_1206_3216Metric,67.183,-132.588,90,top
F406,Fuse,FUSE_1206_3216Metric,79.883,-132.588,90,top
F407,Fuse,FUSE_1206_3216Metric,64.643,-132.588,90,top
F408,Fuse,FUSE_1206_3216Metric,82.423,-132.588,90,top
F409,Fuse,FUSE_1206_3216Metric,62.103,-132.588,90,top
F410,Fuse,FUSE_1206_3216Metric,84.963,-132.588,90,top
F411,Fuse,FUSE_1206_3216Metric,59.563,-132.588,90,top
F412,Fuse,FUSE_1206_3216Metric,87.376,-132.588,90,top
F413,Fuse,FUSE_1206_3216Metric,57.023,-132.588,90,top
F414,Fuse,FUSE_1206_3216Metric,24.003,-132.588,90,top
F415,Fuse,FUSE_1206_3216Metric,54.483,-132.588,90,top
F416,Fuse,FUSE_1206_3216Metric,26.543,-132.588,90,top
F417,Fuse,FUSE_1206_3216Metric,51.943,-132.588,90,top
F418,Fuse,FUSE_1206_3216Metric,29.083,-132.588,90,top
F419,Fuse,FUSE_1206_3216Metric,49.403,-132.588,90,top
F420,Fuse,FUSE_1206_3216Metric,31.623,-132.588,90,top
F421,Fuse,FUSE_1206_3216Metric,46.863,-132.588,90,top
F422,Fuse,FUSE_1206_3216Metric,34.163,-132.588,90,top
F423,Fuse,FUSE_1206_3216Metric,44.323,-132.588,90,top
F424,Fuse,FUSE_1206_3216Metric,36.703,-132.588,90,top
F425,Fuse,FUSE_1206_3216Metric,41.783,-132.588,90,top
F426,Fuse,FUSE_1206_3216Metric,39.243,-132.588,90,top
FB101,Ferrite_Bead,FB_0805_2012Metric,169.164,-65.024,180,top
FB301,Ferrite_Bead,FB_0805_2012Metric,223.266,-29.718,0,top
FB302,Ferrite_Bead,FB_0805_2012Metric,230.251,-22.606,270,top
FB303,Ferrite_Bead,FB_0805_2012Metric,230.251,-19.304,90,top
FB304,Ferrite_Bead,FB_0805_2012Metric,230.251,-16.002,270,top
FB305,Ferrite_Bead,FB_0805_2012Metric,232.283,-16.002,270,top
FB306,Ferrite_Bead,FB_0805_2012Metric,232.283,-19.304,90,top
FB307,Ferrite_Bead,FB_0805_2012Metric,232.283,-22.606,270,top
FB308,Ferrite_Bead,FB_0805_2012Metric,234.315,-22.606,270,top
FB309,Ferrite_Bead,FB_0805_2012Metric,234.315,-19.304,90,top
FB310,Ferrite_Bead,FB_0805_2012Metric,234.315,-16.002,270,top
JP501,0R,zero_ohm_resistor_0805,11.049,-40.259,180,top
JP502,0R,zero_ohm_resistor_0805,32.544,-40.234,0,top
JP503,0R,zero_ohm_resistor_0805,11.787,-55.245,0,top
JP601,0R,zero_ohm_resistor_0805,11.154,-14.58,180,top
JP602,0R,zero_ohm_resistor_0805,32.649,-14.555,0,top
JP603,0R,zero_ohm_resistor_0805,11.892,-29.566,0,top
JP701,0R,zero_ohm_resistor_0805,11.025,-102.232,180,top
JP702,0R,zero_ohm_resistor_0805,32.52,-102.207,0,top
JP703,0R,zero_ohm_resistor_0805,11.763,-117.218,0,top
JP801,0R,zero_ohm_resistor_0805,11.025,-76.488,180,top
JP802,0R,zero_ohm_resistor_0805,32.52,-76.463,0,top
JP803,0R,zero_ohm_resistor_0805,11.763,-91.474,0,top
JP901,0R,zero_ohm_resistor_0805,48.514,-39.878,0,top
JP902,0R,zero_ohm_resistor_0805,69.019,-39.85,0,top
JP903,0R,zero_ohm_resistor_0805,48.262,-54.861,0,top
JP1001,0R,zero_ohm_resistor_0805,47.474,-14.676,180,top
JP1002,0R,zero_ohm_resistor_0805,68.969,-14.651,0,top
JP1003,0R,zero_ohm_resistor_0805,47.244,-29.718,180,top
JP1101,0R,zero_ohm_resistor_0805,47.651,-102.269,180,top
JP1102,0R,zero_ohm_resistor_0805,69.146,-102.244,0,top
JP1103,0R,zero_ohm_resistor_0805,48.389,-117.255,0,top
JP1201,0R,zero_ohm_resistor_0805,47.574,-76.578,180,top
JP1202,0R,zero_ohm_resistor_0805,69.069,-76.553,0,top
JP1203,0R,zero_ohm_resistor_0805,48.312,-91.564,0,top
JP1301,0R,zero_ohm_resistor_0805,84.304,-39.859,180,top
JP1302,0R,zero_ohm_resistor_0805,105.799,-39.834,0,top
JP1303,0R,zero_ohm_resistor_0805,85.042,-54.845,0,top
JP1401,0R,zero_ohm_resistor_0805,84.227,-14.549,180,top
JP1402,0R,zero_ohm_resistor_0805,105.722,-14.524,0,top
JP1403,0R,zero_ohm_resistor_0805,84.965,-29.535,0,top
JP1501,0R,zero_ohm_resistor_0805,85.344,-102.108,0,top
JP1502,0R,zero_ohm_resistor_0805,105.767,-102.235,0,top
JP1503,0R,zero_ohm_resistor_0805,85.01,-117.246,0,top
JP1601,0R,zero_ohm_resistor_0805,84.145,-76.593,180,top
JP1602,0R,zero_ohm_resistor_0805,105.64,-76.568,0,top
JP1603,0R,zero_ohm_resistor_0805,84.883,-91.579,0,top
Q101,MMBT3904,SOT-23,199.644,-139.7,0,top
Q201,MMBT5401,SOT-23,225.044,-55.753,0,top
R101,1K,R_0805_2012Metric,181.102,-121.412,90,top
R102,1K,R_0805_2012Metric,124.714,-96.012,180,top
R103,1K,R_0805_2012Metric,199.644,-142.748,0,top
R104,10K,R_0805_2012Metric,199.644,-136.652,0,top
R105,1K,R_0805_2012Metric,181.102,-93.218,90,top
R106,1K,R_0805_2012Metric,124.968,-110.236,180,top
R107,1K,R_0805_2012Metric,181.102,-107.442,90,top
R108,1K,R_0805_2012Metric,124.968,-124.206,180,top
R109,10K,R_0805_2012Metric,163.576,-48.006,0,top
R110,100R,R_0805_2012Metric,216.916,-120.65,270,top
R111,10R,R_0805_2012Metric,216.916,-117.094,90,top
R112,10R,R_0805_2012Metric,216.916,-113.538,90,top
R113,10K,R_0805_2012Metric,124.333,-28.956,180,top
R114,10K,R_0805_2012Metric,120.904,-28.956,180,top
R115,10K,R_0805_2012Metric,120.904,-30.988,180,top
R116,10K,R_0805_2012Metric,120.904,-35.052,180,top
R117,10K,R_0805_2012Metric,120.904,-33.02,180,top
R118,10K,R_0805_2012Metric,120.904,-37.084,180,top
R119,1K,R_0805_2012Metric,120.904,-53.34,0,top
R120,10K,R_0805_2012Metric,120.904,-51.308,180,top
R121,1K,R_0805_2012Metric,120.904,-55.372,180,top
R122,10K,R_0805_2012Metric,120.904,-49.276,0,top
R123,10K,R_0805_2012Metric,124.46,-47.244,180,top
R124,10K,R_0805_2012Metric,120.904,-45.212,180,top
R125,10K,R_0805_2012Metric,120.904,-47.244,180,top
R126,1K,R_0805_2012Metric,228.854,-100.076,0,top
R127,1K,R_0805_2012Metric,228.854,-102.87,0,top
R128,1K,R_0805_2012Metric,228.854,-105.664,0,top
R129,1K,R_0805_2012Metric,228.854,-108.331,0,top
R130,1K,R_0805_2012Metric,228.854,-97.282,0,top
R131,1K,R_0805_2012Metric,228.854,-94.488,0,top
R132,1K,R_0805_2012Metric,228.854,-91.694,0,top
R133,1K,R_0805_2012Metric,228.854,-88.9,0,top
R134,10K,R_0805_2012Metric,120.904,-41.148,180,top
R135,10K,R_0805_2012Metric,120.904,-39.116,180,top
R136,10K,R_0805_2012Metric,120.904,-43.18,180,top
R137,1K,R_0805_2012Metric,120.904,-59.436,0,top
R138,10K,R_0805_2012Metric,120.904,-61.468,180,top
R139,1K,R_0805_2012Metric,120.904,-57.404,180,top
R140,10K,R_0805_2012Metric,120.904,-63.5,0,top
R141,10K,R_0805_2012Metric,133.731,-43.18,0,top
R142,10K,R_0805_2012Metric,133.731,-39.116,0,top
R143,10K,R_0805_2012Metric,133.731,-41.148,0,top
R144,10K,R_0805_2012Metric,133.731,-35.052,0,top
R145,10K,R_0805_2012Metric,133.731,-33.02,0,top
R146,10K,R_0805_2012Metric,133.731,-37.084,0,top
R147,1K,R_0805_2012Metric,133.604,-56.642,0,top
R148,10K,R_0805_2012Metric,133.604,-60.706,0,top
R149,1K,R_0805_2012Metric,133.604,-54.61,0,top
R150,10K,R_0805_2012Metric,133.604,-58.674,0,top
R201,100R,R_0805_2012Metric,216.408,-77.089,90,top
R202,1K,R_0805_2012Metric,212.979,-55.118,180,top
R203,0R,R_0805_2012Metric,224.917,-70.231,180,top
R204,1K,R_0805_2012Metric,224.917,-64.135,180,top
R205,100K,R_0805_2012Metric,212.979,-57.023,0,top
R206,1K,R_0805_2012Metric,224.917,-58.547,0,top
R207,100K,R_0805_2012Metric,212.979,-53.213,0,top
R208,1K,R_0805_2012Metric,212.979,-60.833,0,top
R209,0R,R_0805_2012Metric,216.535,-53.213,180,top
R210,100R,R_0805_2012Metric,214.376,-77.089,270,top
R211,100K,R_0805_2012Metric,216.535,-57.023,180,top
R212,1K,R_0805_2012Metric,223.774,-73.533,90,top
R213,0R,R_0805_2012Metric,210.058,-58.039,270,top
R214,1K,R_0805_2012Metric,224.917,-66.167,0,top
R215,1K,R_0805_2012Metric,216.535,-55.118,180,top
R216,1K,R_0805_2012Metric,219.964,-77.089,90,top
R217,1K,R_0805_2012Metric,221.869,-77.089,270,top
R218,1K,R_0805_2012Metric,221.869,-73.533,270,top
R219,1K,R_0805_2012Metric,225.679,-73.533,90,top
R220,0R,R_0805_2012Metric,216.535,-58.928,0,top
R221,1K,R_0805_2012Metric,224.917,-68.199,180,top
R222,0R,R_0805_2012Metric,220.218,-62.865,180,top
R223,0R,R_0805_2012Metric,210.058,-62.484,90,top
R224,10K,R_0805_2012Metric,216.535,-62.865,0,top
R225,1K,R_0805_2012Metric,216.535,-60.833,0,top
R226,1K,R_0805_2012Metric,224.917,-52.832,180,top
R227,0R,R_0805_2012Metric,210.058,-69.723,270,top
R228,1K,R_0805_2012Metric,220.98,-53.213,0,top
R229,1K,R_0805_2012Metric,212.217,-69.723,270,top
R230,10K,R_0805_2012Metric,211.201,-77.089,90,top
R301,1K,R_0805_2012Metric,200.152,-29.718,180,top
R302,1K,R_0805_2012Metric,200.152,-31.75,180,top
R303,1K,R_0805_2012Metric,200.152,-33.782,180,top
R304,ADJ,R_0805_2012Metric,200.152,-35.814,180,top
R305,1K,R_0805_2012Metric,175.514,-27.178,0,top
R306,1K,R_0805_2012Metric,175.514,-29.21,0,top
R307,1R,R_0805_2012Metric,219.456,-29.718,0,top
R308,1R,R_0805_2012Metric,215.646,-29.718,0,top
R309,1R,R_0805_2012Metric,211.836,-29.718,0,top
R310,1R,R_0805_2012Metric,219.456,-31.75,0,top
R311,1R,R_0805_2012Metric,215.646,-31.75,0,top
R312,1R,R_0805_2012Metric,211.836,-33.782,0,top
R313,1K,R_0805_2012Metric,204.216,-29.718,0,top
R314,ADJ,R_0805_2012Metric,204.216,-31.75,0,top
R315,1R,R_0805_2012Metric,219.456,-33.782,0,top
R316,1R,R_0805_2012Metric,215.646,-33.782,0,top
R317,1R,R_0805_2012Metric,211.836,-31.75,0,top
R501,1K,R_0805_2012Metric,18.288,-38.481,180,top
R502,1K,R_0805_2012Metric,21.717,-38.481,180,top
R503,1K,R_0805_2012Metric,25.146,-38.481,180,top
R504,1K,R_0805_2012Metric,28.575,-38.481,180,top
R505,1K,R_0805_2012Metric,14.859,-38.481,180,top
R506,1K,R_0805_2012Metric,14.478,-47.879,0,top
R507,1K,R_0805_2012Metric,32.06,-42.139,180,top
R508,1K,R_0805_2012Metric,32.06,-48.235,180,top
R509,1K,R_0805_2012Metric,28.575,-57.15,0,top
R510,1K,R_0805_2012Metric,25.146,-57.15,0,top
R511,1K,R_0805_2012Metric,21.717,-57.15,0,top
R512,1K,R_0805_2012Metric,18.288,-57.15,0,top
R513,1K,R_0805_2012Metric,31.369,-55.88,270,top
R514,1K,R_0805_2012Metric,14.732,-57.15,180,top
R515,1K,R_0805_2012Metric,27.94,-49.505,180,top
R516,1K,R_0805_2012Metric,32.06,-52.68,180,top
R601,1K,R_0805_2012Metric,18.393,-12.802,180,top
R602,1K,R_0805_2012Metric,21.822,-12.802,180,top
R603,1K,R_0805_2012Metric,25.251,-12.802,180,top
R604,1K,R_0805_2012Metric,28.68,-12.802,180,top
R605,1K,R_0805_2012Metric,14.964,-12.802,180,top
R606,1K,R_0805_2012Metric,14.583,-22.2,0,top
R607,1K,R_0805_2012Metric,32.165,-16.46,180,top
R608,1K,R_0805_2012Metric,32.165,-22.556,180,top
R609,1K,R_0805_2012Metric,28.68,-31.471,0,top
R610,1K,R_0805_2012Metric,25.251,-31.471,0,top
R611,1K,R_0805_2012Metric,21.822,-31.471,0,top
R612,1K,R_0805_2012Metric,18.393,-31.471,0,top
R613,1K,R_0805_2012Metric,31.474,-30.201,270,top
R614,1K,R_0805_2012Metric,14.837,-31.471,180,top
R615,1K,R_0805_2012Metric,28.045,-23.826,180,top
R616,1K,R_0805_2012Metric,32.165,-27.001,180,top
R701,1K,R_0805_2012Metric,18.264,-100.454,180,top
R702,1K,R_0805_2012Metric,21.693,-100.454,180,top
R703,1K,R_0805_2012Metric,25.122,-100.454,180,top
R704,1K,R_0805_2012Metric,28.551,-100.454,180,top
R705,1K,R_0805_2012Metric,14.835,-100.454,180,top
R706,1K,R_0805_2012Metric,14.454,-109.852,0,top
R707,1K,R_0805_2012Metric,32.036,-104.112,180,top
R708,1K,R_0805_2012Metric,32.036,-110.208,180,top
R709,1K,R_0805_2012Metric,28.551,-119.123,0,top
R710,1K,R_0805_2012Metric,25.122,-119.123,0,top
R711,1K,R_0805_2012Metric,21.693,-119.123,0,top
R712,1K,R_0805_2012Metric,18.264,-119.123,0,top
R713,1K,R_0805_2012Metric,31.345,-117.853,270,top
R714,1K,R_0805_2012Metric,14.708,-119.123,180,top
R715,1K,R_0805_2012Metric,27.916,-111.478,180,top
R716,1K,R_0805_2012Metric,32.036,-114.653,180,top
R801,1K,R_0805_2012Metric,18.264,-74.71,180,top
R802,1K,R_0805_2012Metric,21.693,-74.71,180,top
R803,1K,R_0805_2012Metric,25.122,-74.71,180,top
R804,1K,R_0805_2012Metric,28.551,-74.71,180,top
R805,1K,R_0805_2012Metric,14.835,-74.71,180,top
R806,1K,R_0805_2012Metric,14.454,-84.108,0,top
R807,1K,R_0805_2012Metric,32.036,-78.368,180,top
R808,1K,R_0805_2012Metric,32.036,-84.464,180,top
R809,1K,R_0805_2012Metric,28.551,-93.379,0,top
R810,1K,R_0805_2012Metric,25.122,-93.379,0,top
R811,1K,R_0805_2012Metric,21.693,-93.379,0,top
R812,1K,R_0805_2012Metric,18.264,-93.379,0,top
R813,1K,R_0805_2012Metric,31.345,-92.109,270,top
R814,1K,R_0805_2012Metric,14.708,-93.379,180,top
R815,1K,R_0805_2012Metric,27.916,-85.734,180,top
R816,1K,R_0805_2012Metric,32.036,-88.909,180,top
R901,1K,R_0805_2012Metric,54.763,-38.097,180,top
R902,1K,R_0805_2012Metric,58.192,-38.097,180,top
R903,1K,R_0805_2012Metric,61.621,-38.097,180,top
R904,1K,R_0805_2012Metric,65.05,-38.097,180,top
R905,1K,R_0805_2012Metric,51.334,-38.097,180,top
R906,1K,R_0805_2012Metric,50.953,-47.495,0,top
R907,1K,R_0805_2012Metric,68.535,-41.755,180,top
R908,1K,R_0805_2012Metric,68.535,-47.851,180,top
R909,1K,R_0805_2012Metric,65.05,-56.766,0,top
R910,1K,R_0805_2012Metric,61.621,-56.766,0,top
R911,1K,R_0805_2012Metric,58.192,-56.766,0,top
R912,1K,R_0805_2012Metric,54.763,-56.766,0,top
R913,1K,R_0805_2012Metric,67.844,-55.496,270,top
R914,1K,R_0805_2012Metric,51.207,-56.766,180,top
R915,1K,R_0805_2012Metric,64.415,-49.121,180,top
R916,1K,R_0805_2012Metric,68.535,-52.296,180,top
R1001,1K,R_0805_2012Metric,54.713,-12.898,180,top
R1002,1K,R_0805_2012Metric,58.142,-12.898,180,top
R1003,1K,R_0805_2012Metric,61.571,-12.898,180,top
R1004,1K,R_0805_2012Metric,65,-12.898,180,top
R1005,1K,R_0805_2012Metric,51.284,-12.898,180,top
R1006,1K,R_0805_2012Metric,50.903,-22.296,0,top
R1007,1K,R_0805_2012Metric,68.485,-16.556,180,top
R1008,1K,R_0805_2012Metric,68.485,-22.652,180,top
R1009,1K,R_0805_2012Metric,65,-31.567,0,top
R1010,1K,R_0805_2012Metric,61.571,-31.567,0,top
R1011,1K,R_0805_2012Metric,58.142,-31.567,0,top
R1012,1K,R_0805_2012Metric,54.713,-31.567,0,top
R1013,1K,R_0805_2012Metric,67.794,-30.297,270,top
R1014,1K,R_0805_2012Metric,51.157,-31.567,180,top
R1015,1K,R_0805_2012Metric,64.365,-23.922,180,top
R1016,1K,R_0805_2012Metric,68.485,-27.097,180,top
R1101,1K,R_0805_2012Metric,54.89,-100.491,180,top
R1102,1K,R_0805_2012Metric,58.319,-100.491,180,top
R1103,1K,R_0805_2012Metric,61.748,-100.491,180,top
R1104,1K,R_0805_2012Metric,65.177,-100.491,180,top
R1105,1K,R_0805_2012Metric,51.461,-100.491,180,top
R1106,1K,R_0805_2012Metric,51.08,-109.889,0,top
R1107,1K,R_0805_2012Metric,68.662,-104.149,180,top
R1108,1K,R_0805_2012Metric,68.662,-110.245,180,top
R1109,1K,R_0805_2012Metric,65.177,-119.16,0,top
R1110,1K,R_0805_2012Metric,61.748,-119.16,0,top
R1111,1K,R_0805_2012Metric,58.319,-119.16,0,top
R1112,1K,R_0805_2012Metric,54.89,-119.16,0,top
R1113,1K,R_0805_2012Metric,67.971,-117.89,270,top
R1114,1K,R_0805_2012Metric,51.334,-119.16,180,top
R1115,1K,R_0805_2012Metric,64.542,-111.515,180,top
R1116,1K,R_0805_2012Metric,68.662,-114.69,180,top
R1201,1K,R_0805_2012Metric,54.813,-74.8,180,top
R1202,1K,R_0805_2012Metric,58.242,-74.8,180,top
R1203,1K,R_0805_2012Metric,61.671,-74.8,180,top
R1204,1K,R_0805_2012Metric,65.1,-74.8,180,top
R1205,1K,R_0805_2012Metric,51.384,-74.8,180,top
R1206,1K,R_0805_2012Metric,51.003,-84.198,0,top
R1207,1K,R_0805_2012Metric,68.585,-78.458,180,top
R1208,1K,R_0805_2012Metric,68.585,-84.554,180,top
R1209,1K,R_0805_2012Metric,65.1,-93.469,0,top
R1210,1K,R_0805_2012Metric,61.671,-93.469,0,top
R1211,1K,R_0805_2012Metric,58.242,-93.469,0,top
R1212,1K,R_0805_2012Metric,54.813,-93.469,0,top
R1213,1K,R_0805_2012Metric,67.894,-92.199,270,top
R1214,1K,R_0805_2012Metric,51.257,-93.469,180,top
R1215,1K,R_0805_2012Metric,64.465,-85.824,180,top
R1216,1K,R_0805_2012Metric,68.585,-88.999,180,top
R1301,1K,R_0805_2012Metric,91.543,-38.081,180,top
R1302,1K,R_0805_2012Metric,94.972,-38.081,180,top
R1303,1K,R_0805_2012Metric,98.401,-38.081,180,top
R1304,1K,R_0805_2012Metric,101.83,-38.081,180,top
R1305,1K,R_0805_2012Metric,88.114,-38.081,180,top
R1306,1K,R_0805_2012Metric,87.733,-47.479,0,top
R1307,1K,R_0805_2012Metric,105.315,-41.739,180,top
R1308,1K,R_0805_2012Metric,105.315,-47.835,180,top
R1309,1K,R_0805_2012Metric,101.83,-56.75,0,top
R1310,1K,R_0805_2012Metric,98.401,-56.75,0,top
R1311,1K,R_0805_2012Metric,94.972,-56.75,0,top
R1312,1K,R_0805_2012Metric,91.543,-56.75,0,top
R1313,1K,R_0805_2012Metric,104.624,-55.48,270,top
R1314,1K,R_0805_2012Metric,87.987,-56.75,180,top
R1315,1K,R_0805_2012Metric,101.195,-49.105,180,top
R1316,1K,R_0805_2012Metric,105.315,-52.28,180,top
R1401,1K,R_0805_2012Metric,91.466,-12.771,180,top
R1402,1K,R_0805_2012Metric,94.895,-12.771,180,top
R1403,1K,R_0805_2012Metric,98.324,-12.771,180,top
R1404,1K,R_0805_2012Metric,101.753,-12.771,180,top
R1405,1K,R_0805_2012Metric,88.037,-12.771,180,top
R1406,1K,R_0805_2012Metric,87.656,-22.169,0,top
R1407,1K,R_0805_2012Metric,105.238,-16.429,180,top
R1408,1K,R_0805_2012Metric,105.238,-22.525,180,top
R1409,1K,R_0805_2012Metric,101.753,-31.44,0,top
R1410,1K,R_0805_2012Metric,98.324,-31.44,0,top
R1411,1K,R_0805_2012Metric,94.895,-31.44,0,top
R1412,1K,R_0805_2012Metric,91.466,-31.44,0,top
R1413,1K,R_0805_2012Metric,104.547,-30.17,270,top
R1414,1K,R_0805_2012Metric,87.91,-31.44,180,top
R1415,1K,R_0805_2012Metric,101.118,-23.795,180,top
R1416,1K,R_0805_2012Metric,105.238,-26.97,180,top
R1501,1K,R_0805_2012Metric,91.511,-100.482,180,top
R1502,1K,R_0805_2012Metric,94.94,-100.482,180,top
R1503,1K,R_0805_2012Metric,98.369,-100.482,180,top
R1504,1K,R_0805_2012Metric,101.798,-100.482,180,top
R1505,1K,R_0805_2012Metric,88.082,-100.482,180,top
R1506,1K,R_0805_2012Metric,87.701,-109.88,0,top
R1507,1K,R_0805_2012Metric,105.283,-104.14,180,top
R1508,1K,R_0805_2012Metric,105.283,-110.236,180,top
R1509,1K,R_0805_2012Metric,101.798,-119.151,0,top
R1510,1K,R_0805_2012Metric,98.369,-119.151,0,top
R1511,1K,R_0805_2012Metric,94.94,-119.151,0,top
R1512,1K,R_0805_2012Metric,91.511,-119.151,0,top
R1513,1K,R_0805_2012Metric,104.592,-117.881,270,top
R1514,1K,R_0805_2012Metric,87.955,-119.151,180,top
R1515,1K,R_0805_2012Metric,101.163,-111.506,180,top
R1516,1K,R_0805_2012Metric,105.283,-114.681,180,top
R1601,1K,R_0805_2012Metric,91.384,-74.815,180,top
R1602,1K,R_0805_2012Metric,94.813,-74.815,180,top
R1603,1K,R_0805_2012Metric,98.242,-74.815,180,top
R1604,1K,R_0805_2012Metric,101.671,-74.815,180,top
R1605,1K,R_0805_2012Metric,87.955,-74.815,180,top
R1606,1K,R_0805_2012Metric,87.574,-84.213,0,top
R1607,1K,R_0805_2012Metric,105.156,-78.473,180,top
R1608,1K,R_0805_2012Metric,105.156,-84.569,180,top
R1609,1K,R_0805_2012Metric,101.671,-93.484,0,top
R1610,1K,R_0805_2012Metric,98.242,-93.484,0,top
R1611,1K,R_0805_2012Metric,94.813,-93.484,0,top
R1612,1K,R_0805_2012Metric,91.384,-93.484,0,top
R1613,1K,R_0805_2012Metric,104.465,-92.214,270,top
R1614,1K,R_0805_2012Metric,87.828,-93.484,180,top
R1615,1K,R_0805_2012Metric,101.036,-85.839,180,top
R1616,1K,R_0805_2012Metric,105.156,-89.014,180,top
R1701,0R,R_0805_2012Metric,172.72,-131.826,90,top
R1702,0R,R_0805_2012Metric,173.99,-128.016,90,top
R1703,0R,R_0805_2012Metric,170.18,-131.826,90,top
R1704,0R,R_0805_2012Metric,171.45,-128.016,90,top
R1705,0R,R_0805_2012Metric,167.64,-131.826,90,top
R1706,0R,R_0805_2012Metric,168.91,-128.016,90,top
R1707,0R,R_0805_2012Metric,165.1,-131.826,90,top
R1708,0R,R_0805_2012Metric,166.37,-128.016,90,top
R1709,0R,R_0805_2012Metric,162.56,-131.826,90,top
R1710,0R,R_0805_2012Metric,163.83,-128.016,90,top
R1711,0R,R_0805_2012Metric,160.02,-131.826,90,top
R1712,0R,R_0805_2012Metric,161.29,-128.016,90,top
R1713,0R,R_0805_2012Metric,157.48,-131.826,90,top
R1714,0R,R_0805_2012Metric,158.75,-128.016,90,top
R1715,0R,R_0805_2012Metric,154.94,-131.826,90,top
R1716,0R,R_0805_2012Metric,156.21,-128.016,90,top
R1717,0R,R_0805_2012Metric,152.4,-131.826,90,top
R1718,0R,R_0805_2012Metric,153.67,-128.016,90,top
R1719,0R,R_0805_2012Metric,149.86,-131.826,90,top
R1720,0R,R_0805_2012Metric,151.13,-128.016,90,top
R1721,0R,R_0805_2012Metric,147.32,-131.826,90,top
R1722,0R,R_0805_2012Metric,148.59,-128.016,90,top
R1723,0R,R_0805_2012Metric,144.78,-131.826,90,top
R1724,0R,R_0805_2012Metric,146.05,-128.016,90,top
R1725,0R,R_0805_2012Metric,142.24,-131.826,90,top
R1726,0R,R_0805_2012Metric,143.51,-128.016,90,top
R1801,1K,R_0805_2012Metric,139.7,-101.092,270,top
R1802,1K,R_0805_2012Metric,149.86,-105.918,90,top
R1803,1K,R_0805_2012Metric,139.7,-105.918,90,top
R1804,1K,R_0805_2012Metric,149.86,-101.092,270,top
R1901,1K,R_0805_2012Metric,139.7,-113.792,270,top
R1902,1K,R_0805_2012Metric,149.86,-118.618,90,top
R1903,1K,R_0805_2012Metric,139.7,-118.618,90,top
R1904,1K,R_0805_2012Metric,149.86,-113.792,270,top
R2001,1K,R_0805_2012Metric,139.7,-88.392,270,top
R2002,1K,R_0805_2012Metric,149.86,-93.218,90,top
R2003,1K,R_0805_2012Metric,139.7,-93.218,90,top
R2004,1K,R_0805_2012Metric,149.86,-88.392,270,top
R2101,1K,R_0805_2012Metric,163.83,-88.392,270,top
R2102,1K,R_0805_2012Metric,173.99,-93.218,90,top
R2103,1K,R_0805_2012Metric,163.83,-93.218,90,top
R2104,1K,R_0805_2012Metric,173.99,-88.392,270,top
R2201,1K,R_0805_2012Metric,163.83,-101.092,270,top
R2202,1K,R_0805_2012Metric,173.99,-105.918,90,top
R2203,1K,R_0805_2012Metric,163.83,-105.918,90,top
R2204,1K,R_0805_2012Metric,173.99,-101.092,270,top
R2301,1K,R_0805_2012Metric,163.83,-113.792,270,top
R2302,1K,R_0805_2012Metric,173.99,-118.618,90,top
R2303,1K,R_0805_2012Metric,163.83,-118.618,90,top
R2304,1K,R_0805_2012Metric,173.99,-113.792,270,top
R3101,0R,R_0805_2012Metric,206.248,-100.965,180,top
R3102,10K,R_0805_2012Metric,206.248,-96.901,0,top
R3103,10K,R_0805_2012Metric,202.184,-96.901,180,top
R3104,10K,R_0805_2012Metric,209.55,-94.615,270,top
R3105,10K,R_0805_2012Metric,209.55,-90.805,270,top
SW101,SW_Push,SW_Push_1P1T_NO_6x6mm_H9.5mm,184.404,-53.34,90,top
U101,74HC4051,SOP-16_4.4x10.4mm_P1.27mm,186.436,-117.602,270,top
U102,74HC4051,SOP-16_4.4x10.4mm_P1.27mm,127,-89.408,270,top
U103,74HC4051,SOP-16_4.4x10.4mm_P1.27mm,186.436,-89.408,270,top
U104,74HC4051,SOP-16_4.4x10.4mm_P1.27mm,127.254,-103.632,270,top
U105,74HC4051,SOP-16_4.4x10.4mm_P1.27mm,186.436,-103.632,270,top
U106,74HC4051,SOP-16_4.4x10.4mm_P1.27mm,127.254,-117.602,270,top
U107,74HC595,SOP-16_4.4x10.4mm_P1.27mm,153.924,-17.78,180,top
U108,STM32G431CBTx,LQFP-48_7x7mm_P0.5mm,167.386,-58.674,0,top
U109,74HC595,SOP-16_4.4x10.4mm_P1.27mm,139.192,-17.78,180,top
U110,MCP2558,SOIC-8_3.9x4.9mm_P1.27mm,209.804,-116.84,0,top
U111,74HC595,SOP-16_4.4x10.4mm_P1.27mm,124.46,-17.78,180,top
U112,LM324,SOIC-14_3.9x8.7mm_P1.27mm,127.254,-38.1,270,top
U113,LM324,SOIC-14_3.9x8.7mm_P1.27mm,127.254,-55.626,270,top
U201,LM324,SOIC-14_3.9x8.7mm_P1.27mm,218.059,-67.691,0,top
U202,TL431,SOT-23,225.044,-61.341,180,top
U203,TL431,SOT-23,219.202,-73.533,180,top
U204,TL431,SOT-23,220.98,-56.007,180,top
U302,AP1117-33,SOT-223-3_TabPin2,186.944,-32.512,270,top
U501,TS1851ILT,SOT-23-5_HandSoldering,14.478,-44.323,0,top
U502,TLP290-4,SOIC-16_4.55x10.3mm_P1.27mm(TLP290-4),21.717,-47.879,0,top
U503,TS1851ILT,SOT-23-5_HandSoldering,14.478,-51.308,0,top
U601,TS1851ILT,SOT-23-5_HandSoldering,14.583,-18.644,0,top
U602,TLP290-4,SOIC-16_4.55x10.3mm_P1.27mm(TLP290-4),21.822,-22.2,0,top
U603,TS1851ILT,SOT-23-5_HandSoldering,14.583,-25.629,0,top
U701,TS1851ILT,SOT-23-5_HandSoldering,14.454,-106.296,0,top
U702,TLP290-4,SOIC-16_4.55x10.3mm_P1.27mm(TLP290-4),21.693,-109.852,0,top
U703,TS1851ILT,SOT-23-5_HandSoldering,14.454,-113.281,0,top
U801,TS1851ILT,SOT-23-5_HandSoldering,14.454,-80.552,0,top
U802,TLP290-4,SOIC-16_4.55x10.3mm_P1.27mm(TLP290-4),21.693,-84.108,0,top
U803,TS1851ILT,SOT-23-5_HandSoldering,14.454,-87.537,0,top
U901,TS1851ILT,SOT-23-5_HandSoldering,50.953,-43.939,0,top
U902,TLP290-4,SOIC-16_4.55x10.3mm_P1.27mm(TLP290-4),58.192,-47.495,0,top
U903,TS1851ILT,SOT-23-5_HandSoldering,50.953,-50.924,0,top
U1001,TS1851ILT,SOT-23-5_HandSoldering,50.903,-18.74,0,top
U1002,TLP290-4,SOIC-16_4.55x10.3mm_P1.27mm(TLP290-4),58.142,-22.296,0,top
U1003,TS1851ILT,SOT-23-5_HandSoldering,50.903,-25.725,0,top
U1101,TS1851ILT,SOT-23-5_HandSoldering,51.08,-106.333,0,top
U1102,TLP290-4,SOIC-16_4.55x10.3mm_P1.27mm(TLP290-4),58.319,-109.889,0,top
U1103,TS1851ILT,SOT-23-5_HandSoldering,51.08,-113.318,0,top
U1201,TS1851ILT,SOT-23-5_HandSoldering,51.003,-80.642,0,top
U1202,TLP290-4,SOIC-16_4.55x10.3mm_P1.27mm(TLP290-4),58.242,-84.198,0,top
U1203,TS1851ILT,SOT-23-5_HandSoldering,51.003,-87.627,0,top
U1301,TS1851ILT,SOT-23-5_HandSoldering,87.733,-43.923,0,top
U1302,TLP290-4,SOIC-16_4.55x10.3mm_P1.27mm(TLP290-4),94.972,-47.479,0,top
U1303,TS1851ILT,SOT-23-5_HandSoldering,87.733,-50.908,0,top
U1401,TS1851ILT,SOT-23-5_HandSoldering,87.656,-18.613,0,top
U1402,TLP290-4,SOIC-16_4.55x10.3mm_P1.27mm(TLP290-4),94.895,-22.169,0,top
U1403,TS1851ILT,SOT-23-5_HandSoldering,87.656,-25.598,0,top
U1501,TS1851ILT,SOT-23-5_HandSoldering,87.701,-106.324,0,top
U1502,TLP290-4,SOIC-16_4.55x10.3mm_P1.27mm(TLP290-4),94.94,-109.88,0,top
U1503,TS1851ILT,SOT-23-5_HandSoldering,87.701,-113.309,0,top
U1601,TS1851ILT,SOT-23-5_HandSoldering,87.574,-80.657,0,top
U1602,TLP290-4,SOIC-16_4.55x10.3mm_P1.27mm(TLP290-4),94.813,-84.213,0,top
U1603,TS1851ILT,SOT-23-5_HandSoldering,87.574,-87.642,0,top
U1801,LM324,SOIC-14_3.9x8.7mm_P1.27mm,144.78,-103.505,270,top
U1901,LM324,SOIC-14_3.9x8.7mm_P1.27mm,144.78,-116.205,270,top
U2001,LM324,SOIC-14_3.9x8.7mm_P1.27mm,144.78,-90.805,270,top
U2101,LM324,SOIC-14_3.9x8.7mm_P1.27mm,168.91,-90.805,270,top
U2201,LM324,SOIC-14_3.9x8.7mm_P1.27mm,168.91,-103.505,270,top
U2301,LM324,SOIC-14_3.9x8.7mm_P1.27mm,168.91,-116.205,270,top
U3101,LM324,SOIC-14_3.9x8.7mm_P1.27mm,204.216,-90.805,270,top
